phase,items,representation,samples,median_ns,min_ns,max_ns,median_ns_per_item,median_go_bytes,median_go_allocations,native_scratch_bytes,guest_objects_per_construct
bridge,100,packed32,5,1795.0,1770.0,1809.0,17.95,624.0,2.0,0,1
bridge,100,packed64,5,1769.0,1761.0,1814.0,17.69,624.0,2.0,0,1
bridge,100,structs_batch,5,4843.0,4474.0,4895.0,48.43,624.0,2.0,2400,101
bridge,100,structs_fields,5,25897.0,24039.0,26104.0,258.97,624.0,2.0,2400,101
bridge,1000,packed32,5,2881.0,2872.0,2906.0,2.881,624.0,2.0,0,1
bridge,1000,packed64,5,2912.0,2894.0,2926.0,2.912,624.0,2.0,0,1
bridge,1000,structs_batch,5,28843.0,28412.0,29226.0,28.843,624.0,2.0,24000,1001
bridge,1000,structs_fields,5,229274.0,215298.0,234439.0,229.274,624.0,2.0,24000,1001
bridge,10000,packed32,5,13972.0,13494.0,15078.0,1.3972,624.0,2.0,0,1
bridge,10000,packed64,5,13675.0,13537.0,14109.0,1.3675,624.0,2.0,0,1
bridge,10000,structs_batch,5,268326.0,227586.0,272234.0,26.8326,624.0,2.0,240000,10001
bridge,10000,structs_fields,5,2246449.0,2206575.0,2270375.0,224.6449,624.0,2.0,240000,10001
bridge,100000,packed32,5,133703.0,132835.0,147193.0,1.33703,624.0,2.0,0,1
bridge,100000,packed64,5,131152.0,129396.0,135007.0,1.31152,624.0,2.0,0,1
bridge,100000,structs_batch,5,2677586.0,2611326.0,2797556.0,26.77586,624.0,2.0,2400000,100001
bridge,100000,structs_fields,5,21753818.0,19312874.0,22719327.0,217.53818,624.0,2.0,2400000,100001
construct,100,packed32,5,4231.0,4211.0,4406.0,42.31,624.0,2.0,0,1
construct,100,packed64,5,3288.0,3166.0,3387.0,32.88,624.0,2.0,0,1
construct,100,structs_batch,5,7727.0,7641.0,7971.0,77.27,626.0,2.0,2400,101
construct,100,structs_fields,5,24619.0,24203.0,25134.0,246.19,632.0,2.0,2400,101
construct,1000,packed32,5,26993.0,26890.0,28818.0,26.993,624.0,2.0,0,1
construct,1000,packed64,5,15782.0,15748.0,16135.0,15.782,624.0,2.0,0,1
construct,1000,structs_batch,5,123997.0,121636.0,126132.0,123.997,67357.0,2.0,24000,1001
construct,1000,structs_fields,5,289044.0,283565.0,310903.0,289.044,152136.0,2.0,24000,1001
construct,10000,packed32,5,264132.0,258253.0,265975.0,26.4132,55125.0,2.0,0,1
construct,10000,packed64,5,157412.0,155496.0,160601.0,15.7412,33598.0,2.0,0,1
construct,10000,structs_batch,5,1369882.0,1331758.0,1430693.0,136.9882,517165.0,2.0,240000,10001
construct,10000,structs_fields,5,3044258.0,2933837.0,3089836.0,304.4258,991471.0,2.0,240000,10001
construct,100000,packed32,5,2549053.0,2473799.0,2630475.0,25.49053,624.0,2.0,0,1
construct,100000,packed64,5,1394201.0,1372297.0,1455884.0,13.94201,624.0,2.0,0,1
construct,100000,structs_batch,5,12238775.0,12113064.0,12874286.0,122.38775,79968.0,2.0,2400000,100001
construct,100000,structs_fields,5,27308427.0,26872892.0,30641943.0,273.08427,624.0,2.0,2400000,100001
rebuild,100,packed32,5,4011.0,3993.0,4073.0,40.11,624.0,2.0,0,1
rebuild,100,packed64,5,2986.0,2953.0,3228.0,29.86,624.0,2.0,0,1
rebuild,100,structs_batch,5,8062.0,7908.0,8249.0,80.62,624.0,2.0,2400,101
rebuild,100,structs_fields,5,28051.0,27269.0,30175.0,280.51,624.0,2.0,2400,101
rebuild,1000,packed32,5,25447.0,25295.0,26572.0,25.447,624.0,2.0,0,1
rebuild,1000,packed64,5,14964.0,14617.0,15497.0,14.964,624.0,2.0,0,1
rebuild,1000,structs_batch,5,59801.0,58379.0,63515.0,59.801,624.0,2.0,24000,1001
rebuild,1000,structs_fields,5,263978.0,256268.0,265689.0,263.978,624.0,2.0,24000,1001
rebuild,10000,packed32,5,241441.0,238542.0,248007.0,24.1441,624.0,2.0,0,1
rebuild,10000,packed64,5,140670.0,139235.0,141872.0,14.067,624.0,2.0,0,1
rebuild,10000,structs_batch,5,608869.0,534012.0,843166.0,60.8869,624.0,2.0,240000,10001
rebuild,10000,structs_fields,5,2603634.0,2546069.0,2692815.0,260.3634,624.0,2.0,240000,10001
rebuild,100000,packed32,5,2377500.0,2326499.0,2404033.0,23.775,624.0,2.0,0,1
rebuild,100000,packed64,5,1311628.0,1303725.0,1324144.0,13.11628,624.0,2.0,0,1
rebuild,100000,structs_batch,5,4411434.0,4350323.0,4715589.0,44.11434,624.0,2.0,2400000,100001
rebuild,100000,structs_fields,5,21370180.0,20680651.0,25448235.0,213.7018,624.0,2.0,2400000,100001
rebuild_only,100,packed32,5,3208.0,3204.0,3365.0,32.08,0.0,0.0,0,1
rebuild_only,100,packed64,5,1960.0,1638.0,2028.0,19.6,0.0,0.0,0,1
rebuild_only,100,structs_bulk,5,3119.0,3053.0,3175.0,31.19,0.0,0.0,2400,101
rebuild_only,1000,packed32,5,29952.0,29421.0,30322.0,29.952,0.0,0.0,0,1
rebuild_only,1000,packed64,5,16220.0,16155.0,16443.0,16.22,0.0,0.0,0,1
rebuild_only,1000,structs_bulk,5,29632.0,28514.0,29815.0,29.632,0.0,0.0,24000,1001
rebuild_only,10000,packed32,5,306394.0,302729.0,308312.0,30.6394,0.0,0.0,0,1
rebuild_only,10000,packed64,5,162296.0,159288.0,164044.0,16.2296,0.0,0.0,0,1
rebuild_only,10000,structs_bulk,5,291762.0,285816.0,295738.0,29.1762,0.0,0.0,240000,10001
rebuild_only,100000,packed32,5,2987085.0,2941024.0,3074259.0,29.87085,0.0,0.0,0,1
rebuild_only,100000,packed64,5,1642757.0,1580448.0,1685984.0,16.42757,0.0,0.0,0,1
rebuild_only,100000,structs_bulk,5,2884748.0,2782647.0,2939800.0,28.84748,0.0,0.0,2400000,100001
update,100,packed32,5,2288.0,2246.0,2291.0,22.88,624.0,2.0,0,1
update,100,packed64,5,2576.0,2547.0,2644.0,25.76,624.0,2.0,0,1
update,100,structs_batch,5,6028.0,5666.0,6845.0,60.28,624.0,2.0,2400,101
update,100,structs_fields,5,26203.0,24204.0,31071.0,262.03,624.0,2.0,2400,101
update,1000,packed32,5,7440.0,7309.0,7807.0,7.44,624.0,2.0,0,1
update,1000,packed64,5,10857.0,10457.0,11474.0,10.857,624.0,2.0,0,1
update,1000,structs_batch,5,43198.0,39638.0,44157.0,43.198,624.0,2.0,24000,1001
update,1000,structs_fields,5,258069.0,232973.0,267433.0,258.069,624.0,2.0,24000,1001
update,10000,packed32,5,59075.0,58556.0,60584.0,5.9075,624.0,2.0,0,1
update,10000,packed64,5,91826.0,89039.0,93160.0,9.1826,624.0,2.0,0,1
update,10000,structs_batch,5,383619.0,375751.0,425170.0,38.3619,624.0,2.0,240000,10001
update,10000,structs_fields,5,2564105.0,2256440.0,3015376.0,256.4105,624.0,2.0,240000,10001
update,100000,packed32,5,576892.0,569637.0,594722.0,5.76892,624.0,2.0,0,1
update,100000,packed64,5,882158.0,875324.0,957476.0,8.82158,624.0,2.0,0,1
update,100000,structs_batch,5,3722063.0,3459716.0,3815916.0,37.22063,624.0,2.0,2400000,100001
update,100000,structs_fields,5,23238523.0,22931865.0,23833491.0,232.38523,624.0,2.0,2400000,100001
update_only,100,packed32,5,757.9,739.4,956.1,7.579,0.0,0.0,0,1
update_only,100,packed64,5,1179.0,1098.0,1357.0,11.79,0.0,0.0,0,1
update_only,100,structs_bulk,5,1445.0,1027.0,2262.0,14.45,0.0,0.0,2400,101
update_only,1000,packed32,5,4983.0,4937.0,5288.0,4.983,0.0,0.0,0,1
update_only,1000,packed64,5,8815.0,8738.0,10246.0,8.815,0.0,0.0,0,1
update_only,1000,structs_bulk,5,10130.0,9358.0,10150.0,10.13,0.0,0.0,24000,1001
update_only,10000,packed32,5,63262.0,53524.0,78538.0,6.3262,0.0,0.0,0,1
update_only,10000,packed64,5,115382.0,103423.0,160598.0,11.5382,0.0,0.0,0,1
update_only,10000,structs_bulk,5,98521.0,93483.0,107271.0,9.8521,0.0,0.0,240000,10001
update_only,100000,packed32,5,592146.0,583763.0,593185.0,5.92146,0.0,0.0,0,1
update_only,100000,packed64,5,991048.0,987585.0,1004547.0,9.91048,0.0,0.0,0,1
update_only,100000,structs_bulk,5,1008319.0,878125.0,1112595.0,10.08319,0.0,0.0,2400000,100001
